<?xml version="1.0" encoding="ISO-8859-1"?>
<attributes>
<attribute>
<srcPos sline="0" eline="0" spos="0" epos="0"/>
<jmpPos sline="0" eline="0" spos="0" epos="0"/>
<text info="[inner=java/util/Map$Entry, outer=java/util/Map, name=Entry,flags=1545]" aType="InnerClassTag"/>
<text info="soot.tagkit.InnerClassAttribute@4c9fd20" aType="InnerClassAttribute"/>
</attribute>
<attribute>
<srcPos sline="0" eline="0" spos="0" epos="0"/>
<jmpPos sline="4" eline="4" spos="0" epos="0"/>
<text info="Signature: Ljava/util/HashMap&lt;Ljava/lang/Integer;Ljava/util/HashMap&lt;Ljava/lang/String;Ljava/lang/Long;&gt;;&gt;;" aType="SignatureTag"/>
</attribute>
<attribute>
<srcPos sline="29" eline="29" spos="0" epos="0"/>
<jmpPos sline="87" eline="87" spos="0" epos="0"/>
<text info="Signature: (Ljava/lang/Integer;)Ljava/util/HashMap&lt;Ljava/lang/String;Ljava/lang/Long;&gt;;" aType="SignatureTag"/>
</attribute>
<attribute>
<srcPos sline="36" eline="36" spos="0" epos="0"/>
<jmpPos sline="120" eline="120" spos="0" epos="0"/>
<text info="Signature: (Ljava/lang/String;)Ljava/util/HashMap&lt;Ljava/lang/Integer;Ljava/lang/Long;&gt;;" aType="SignatureTag"/>
</attribute>
<attribute>
<srcPos sline="46" eline="46" spos="0" epos="0"/>
<jmpPos sline="183" eline="183" spos="0" epos="0"/>
<text info="Signature: ()Ljava/util/HashSet&lt;Ljava/lang/String;&gt;;" aType="SignatureTag"/>
</attribute>
</attributes>
