<?xml version="1.0" encoding="ISO-8859-1"?>
<attributes>
<attribute>
<srcPos sline="0" eline="0" spos="0" epos="0"/>
<jmpPos sline="4" eline="4" spos="0" epos="0"/>
<text info="Signature: Ljava/util/HashMap&lt;Ljava/lang/String;Ljava/lang/Long;&gt;;" aType="SignatureTag"/>
</attribute>
<attribute>
<srcPos sline="0" eline="0" spos="0" epos="0"/>
<jmpPos sline="5" eline="5" spos="0" epos="0"/>
<text info="Signature: Ljava/util/HashMap&lt;Ljava/lang/Integer;Ljava/util/HashMap&lt;Ljava/lang/String;Ljava/lang/Long;&gt;;&gt;;" aType="SignatureTag"/>
</attribute>
<attribute>
<srcPos sline="16" eline="16" spos="0" epos="0"/>
<jmpPos sline="56" eline="56" spos="0" epos="0"/>
<text info="Signature: (Ljava/lang/Integer;)Ljava/util/HashMap&lt;Ljava/lang/String;Ljava/lang/Long;&gt;;" aType="SignatureTag"/>
</attribute>
</attributes>
