<?xml version="1.0" encoding="ISO-8859-1"?>
<attributes>
<attribute>
<srcPos sline="0" eline="0" spos="0" epos="0"/>
<jmpPos sline="0" eline="0" spos="0" epos="0"/>
<text info="[inner=java/util/Map$Entry, outer=java/util/Map, name=Entry,flags=1545]" aType="InnerClassTag"/>
<text info="soot.tagkit.InnerClassAttribute@4327ac13" aType="InnerClassAttribute"/>
</attribute>
<attribute>
<srcPos sline="0" eline="0" spos="0" epos="0"/>
<jmpPos sline="4" eline="4" spos="0" epos="0"/>
<text info="Signature: Ljava/util/HashMap&lt;Ljava/lang/Integer;Ljava/util/HashMap&lt;Ljava/lang/String;Ljava/lang/Long;&gt;;&gt;;" aType="SignatureTag"/>
</attribute>
<attribute>
<srcPos sline="17" eline="17" spos="0" epos="0"/>
<jmpPos sline="31" eline="31" spos="0" epos="0"/>
<text info="Signature: (Ljava/lang/Integer;)Ljava/util/HashMap&lt;Ljava/lang/String;Ljava/lang/Long;&gt;;" aType="SignatureTag"/>
</attribute>
<attribute>
<srcPos sline="24" eline="24" spos="0" epos="0"/>
<jmpPos sline="67" eline="67" spos="0" epos="0"/>
<text info="Signature: (Ljava/lang/String;)Ljava/util/HashMap&lt;Ljava/lang/Integer;Ljava/lang/Long;&gt;;" aType="SignatureTag"/>
</attribute>
<attribute>
<srcPos sline="34" eline="34" spos="0" epos="0"/>
<jmpPos sline="133" eline="133" spos="0" epos="0"/>
<text info="Signature: ()Ljava/util/HashSet&lt;Ljava/lang/String;&gt;;" aType="SignatureTag"/>
</attribute>
</attributes>
